Company Name	Website URL	Email	Phone Number	Country	Location
Accounting & Tax Service	https://www.atstax.com		(212) 741-1424	USA	"20 W 22nd St, New York, NY 10010"
MBS Accounting Technology & Advisory	http://www.mbsata.com		(212) 243-5757	USA	"19 W 21st St, New York, NY 10010"
Vasco Accounting	http://vascoaccounting.com	info@vascoaccounting.com	(212) 989-4789	USA	"20 W 20th St, New York, NY 10011"
Armel Tax & Accounting Services	http://www.armeltax.com	info@armeltax.com	(212) 475-1040	USA	"230 5th Ave, New York, NY 10001"
CTA Accounting	http://www.ctacctax.com		(646) 395-0959	USA	"244 5th Ave, New York, NY 10001"
Personalized Accounting Total Services	http://www.patsonline.com	pats@patsonline.com	(212) 564-1727	USA	"264 35th St, New York, NY 10001"
J P Accounting Co	https://www.nycnewyork.tax/business/profile/42572/kim-associates-cpa-pc		(212) 760-1767	USA	"11 W 30th St, New York, NY 10001"
Nybkw Accounting Firms NYC 112 Madison Ave 5th Floor New York NY 10016	http://www.nybkw.com		(212) 684-2414	USA	
The Peak Accounting Group	http://www.peakaccountinggroup.com		(212) 792-7600	USA	"25 W 31st St, New York, NY 10001"
RRD Accounting	http://rrdaccounting.com	mary@rrdaccounting.com	(646) 674-0924	USA	"224 W 30th St, New York, NY 10001"
Accounting & Tax Planners	http://taxplanners.pro	taxplanners@gmail.com	(212) 292-3331	USA	"303 5th Ave, New York, NY 10016"
Yin & Associates Accounting	http://www.yc-llc.com		(212) 967-0689	USA	"45 W 34th St, New York, NY 10001"
Fida Accounting	http://www.fidaaccounting.com		(212) 967-9607	USA	"45 W 34th St, New York, NY 10001"
Davis Accounting Solutions 817 Broadway 12 st New York NY 10003	http://www.davisaccountingsolution.com	support@davisaccountingsolution.com	(646) 494-1618	USA	
Rosado Accounting Services	http://www.rosadoacctg.com		(212) 359-9371	USA	"469 Fashion Ave, New York, NY 10018"
Foundation for Accounting Education	http://nysscpa.org		(212) 974-2016	USA	
Armel Tax and Accounting Services	http://armeltax.com		(212) 475-1040	USA	"310 E 23rd St, New York, NY 10010"
RMJR Tax and Accounting	https://www.rmjr-tax-accounting.com/west-village-nyc	west-village@rmjr-tax-accounting.com	(646) 512-9551	USA	"32 Gansevoort St, New York, NY 10014"
IFG Accounting Services	http://www.ifgaccounting.com		(212) 882-1977	USA	"54 W 40th St, New York, NY 10018"
Custom Accounting	https://www.customaccountingonline.com/mobile.php		(347) 702-4962	USA	"419 Lafayette St, New York, NY 10003"
Eas Accounting	https://easaccounting.com	bs@bsaccounting.us	(212) 953-9001	USA	"353 Lexington Ave, New York, NY 10016"
Tax & Accounting	http://thomsonreuters.com		(646) 223-4354	USA	"3 Times Sq, New York, NY 10036"
Association of Management Consulting Firms	http://www.amcf.org		(212) 551-7887	USA	"380 Lexington Ave, New York, NY 10017"
Epsilon Accounting & Tax Services 211 E 43rd St 3rd Avenue New York NY 10017	http://www.etaxacct.com	info@etaxacct.com	(212) 651-1269	USA	
Abs PayrollProduction Accounting usahtml5map_get_	https://abspayroll.com		(212) 675-4600	USA	"1115 Broadway, New York, NY 10010"
NYC Accounting & Consulting	http://www.nycaccountingconsulting.com	george@nycaccountingconsulting.com	(646) 883-4668	USA	"181 E Houston St, New York, NY 10002"
212 Tax & Accounting Services	http://212tax.com		(212) 475-1040	USA	"780 3rd Ave, New York, NY 10017"
United Accounting Services	http://www.united-accounting.com	ilya@united-accounting.com	(212) 297-6251	USA	"420 Lexington Ave, New York, NY 10170"
Park Sc CPAJP Accounting Company	http://www.kimassociates.com		(212) 760-1767	USA	"34 W 27th St, New York, NY 10001"
Masterpiece Accounting Group	http://www.mpagroupllc.com	sfo@masterpieceintl.com	(212) 966-9301	USA	"483 Broadway, New York, NY 10013"
Paper Chase Accounting	http://www.pchase.com		(646) 964-4182	USA	"13 E 27th St, New York, NY 10016"
Judicial Accounting	http://www.mclancpa.net		(347) 763-9856	USA	"570 Lexington Ave, New York, NY 10022"
Boatman Accounting	http://bestaccountingnewyork.com		(888) 869-0397	USA	"55 Madison Ave, New York, NY 10010"
Public Company Accounting Oversight Board	https://www.pcaobus.org		(646) 437-5100	USA	"1251 Avenue of the Americas, New York, NY 10020"
Manhattan Accounting Service	http://www.manhattanhandymanservice.com		(212) 257-1310	USA	"276 5th Ave, New York, NY 10001"
Peak Accounting Group Peak Counsel	http://www.peakdiversitysearch.com		(212) 947-6600	USA	"25 W 31st St, New York, NY 10001"
Song Tax Accounting	http://www.southstreetny.com		(212) 947-1248	USA	"38 W 32nd St, New York, NY 10001"
Baruch Accounting Society	http://www.baruchaccountingsociety.org			USA	"1 Bernard Baruch Way, New York, NY 10010"
Council of Public Relations Firms	http://prcouncil.net		(212) 754-4512	USA	"32 E 31st St, New York, NY 10016"
O'dwyer's Directory of P R Firms	http://odwyerpr.com	eileen@odwyerpr.com	(212) 679-2471	USA	"271 Madison Ave, New York, NY 10016"
